ingredient,date,price_per_kg,index_value,current_price_per_kg,latest_index,source,source_type
pasta,2016-12,1.6079520537933054,100.0,2.2,136.82,Eurostat,index_reconstructed
pasta,2017-01,1.603449788042684,99.72,2.2,136.82,Eurostat,index_reconstructed
pasta,2017-02,1.6020026311942699,99.63,2.2,136.82,Eurostat,index_reconstructed
pasta,2017-03,1.598625931881304,99.42,2.2,136.82,Eurostat,index_reconstructed
pasta,2017-04,1.5984651366759246,99.41,2.2,136.82,Eurostat,index_reconstructed
pasta,2017-05,1.6053793305072361,99.84,2.2,136.82,Eurostat,index_reconstructed
pasta,2017-06,1.598625931881304,99.42,2.2,136.82,Eurostat,index_reconstructed
pasta,2017-07,1.5954100277737175,99.22,2.2,136.82,Eurostat,index_reconstructed
pasta,2017-08,1.603449788042684,99.72,2.2,136.82,Eurostat,index_reconstructed
pasta,2017-09,1.596053208595235,99.26,2.2,136.82,Eurostat,index_reconstructed
pasta,2017-10,1.5918725332553723,99.0,2.2,136.82,Eurostat,index_reconstructed
pasta,2017-11,1.5944452565414415,99.16,2.2,136.82,Eurostat,index_reconstructed
pasta,2017-12,1.602485016810408,99.66,2.2,136.82,Eurostat,index_reconstructed
pasta,2018-01,1.6135798859815818,100.35,2.2,136.82,Eurostat,index_reconstructed
pasta,2018-02,1.6090776202309605,100.07,2.2,136.82,Eurostat,index_reconstructed
pasta,2018-03,1.6076304633825467,99.98,2.2,136.82,Eurostat,index_reconstructed
pasta,2018-04,1.6240315743312383,101.0,2.2,136.82,Eurostat,index_reconstructed
pasta,2018-05,1.6167957900891683,100.55,2.2,136.82,Eurostat,index_reconstructed
pasta,2018-06,1.6288554304926182,101.3,2.2,136.82,Eurostat,index_reconstructed
pasta,2018-07,1.6240315743312383,101.0,2.2,136.82,Eurostat,index_reconstructed
pasta,2018-08,1.6370559859669642,101.81,2.2,136.82,Eurostat,index_reconstructed
pasta,2018-09,1.6198508989913758,100.74,2.2,136.82,Eurostat,index_reconstructed
pasta,2018-10,1.6171173804999268,100.57,2.2,136.82,Eurostat,index_reconstructed
pasta,2018-11,1.6177605613214443,100.61,2.2,136.82,Eurostat,index_reconstructed
pasta,2018-12,1.6060225113287534,99.88,2.2,136.82,Eurostat,index_reconstructed
pasta,2019-01,1.6233883935097209,100.96,2.2,136.82,Eurostat,index_reconstructed
pasta,2019-02,1.6278906592603422,101.24,2.2,136.82,Eurostat,index_reconstructed
pasta,2019-03,1.6333576962432397,101.58,2.2,136.82,Eurostat,index_reconstructed
pasta,2019-04,1.6258003215904109,101.11,2.2,136.82,Eurostat,index_reconstructed
pasta,2019-05,1.633036105832481,101.56,2.2,136.82,Eurostat,index_reconstructed
pasta,2019-06,1.6410758661014473,102.06,2.2,136.82,Eurostat,index_reconstructed
pasta,2019-07,1.642362227744482,102.14,2.2,136.82,Eurostat,index_reconstructed
pasta,2019-08,1.6473468791112413,102.45,2.2,136.82,Eurostat,index_reconstructed
pasta,2019-09,1.6294986113141356,101.34,2.2,136.82,Eurostat,index_reconstructed
pasta,2019-10,1.6380207571992402,101.87,2.2,136.82,Eurostat,index_reconstructed
pasta,2019-11,1.6357696243239297,101.73,2.2,136.82,Eurostat,index_reconstructed
pasta,2019-12,1.6280514544657216,101.25,2.2,136.82,Eurostat,index_reconstructed
pasta,2020-01,1.6417190469229646,102.1,2.2,136.82,Eurostat,index_reconstructed
pasta,2020-02,1.6489548311650346,102.55,2.2,136.82,Eurostat,index_reconstructed
pasta,2020-03,1.6523315304780006,102.76,2.2,136.82,Eurostat,index_reconstructed
pasta,2020-04,1.6785411489548314,104.39,2.2,136.82,Eurostat,index_reconstructed
pasta,2020-05,1.6849729571700047,104.79,2.2,136.82,Eurostat,index_reconstructed
pasta,2020-06,1.6764508112849004,104.26,2.2,136.82,Eurostat,index_reconstructed
pasta,2020-07,1.659406519514691,103.2,2.2,136.82,Eurostat,index_reconstructed
pasta,2020-08,1.664712761292209,103.53,2.2,136.82,Eurostat,index_reconstructed
pasta,2020-09,1.655386639380208,102.95,2.2,136.82,Eurostat,index_reconstructed
pasta,2020-10,1.6489548311650346,102.55,2.2,136.82,Eurostat,index_reconstructed
pasta,2020-11,1.653457096915656,102.83,2.2,136.82,Eurostat,index_reconstructed
pasta,2020-12,1.6557082297909664,102.97,2.2,136.82,Eurostat,index_reconstructed
pasta,2021-01,1.661818447595381,103.35,2.2,136.82,Eurostat,index_reconstructed
pasta,2021-02,1.660853676363105,103.29,2.2,136.82,Eurostat,index_reconstructed
pasta,2021-03,1.666159918140623,103.62,2.2,136.82,Eurostat,index_reconstructed
pasta,2021-04,1.6740388832042101,104.11,2.2,136.82,Eurostat,index_reconstructed
pasta,2021-05,1.6738780879988306,104.1,2.2,136.82,Eurostat,index_reconstructed
pasta,2021-06,1.677415582517176,104.32,2.2,136.82,Eurostat,index_reconstructed
pasta,2021-07,1.678701944160211,104.4,2.2,136.82,Eurostat,index_reconstructed
pasta,2021-08,1.6828826195000732,104.66,2.2,136.82,Eurostat,index_reconstructed
pasta,2021-09,1.6825610290893147,104.64,2.2,136.82,Eurostat,index_reconstructed
pasta,2021-10,1.7116649612629735,106.45,2.2,136.82,Eurostat,index_reconstructed
pasta,2021-11,1.7394825317935978,108.18,2.2,136.82,Eurostat,index_reconstructed
pasta,2021-12,1.781450080397603,110.79,2.2,136.82,Eurostat,index_reconstructed
pasta,2022-01,1.820844905715539,113.24,2.2,136.82,Eurostat,index_reconstructed
pasta,2022-02,1.8454465721385762,114.77,2.2,136.82,Eurostat,index_reconstructed
pasta,2022-03,1.8821078789650636,117.05,2.2,136.82,Eurostat,index_reconstructed
pasta,2022-04,1.927934512498173,119.9,2.2,136.82,Eurostat,index_reconstructed
pasta,2022-05,1.9739219412366618,122.76,2.2,136.82,Eurostat,index_reconstructed
pasta,2022-06,2.0059201871071486,124.75,2.2,136.82,Eurostat,index_reconstructed
pasta,2022-07,2.035667300102324,126.6,2.2,136.82,Eurostat,index_reconstructed
pasta,2022-08,2.071846221312674,128.85,2.2,136.82,Eurostat,index_reconstructed
pasta,2022-09,2.073614968571847,128.96,2.2,136.82,Eurostat,index_reconstructed
pasta,2022-10,2.1126882034790238,131.39,2.2,136.82,Eurostat,index_reconstructed
pasta,2022-11,2.1490279198947526,133.65,2.2,136.82,Eurostat,index_reconstructed
pasta,2022-12,2.174594357550066,135.24,2.2,136.82,Eurostat,index_reconstructed
pasta,2023-01,2.2136675924572433,137.67,2.2,136.82,Eurostat,index_reconstructed
pasta,2023-02,2.244701067095454,139.6,2.2,136.82,Eurostat,index_reconstructed
pasta,2023-03,2.270749890366906,141.22,2.2,136.82,Eurostat,index_reconstructed
pasta,2023-04,2.280076012278907,141.8,2.2,136.82,Eurostat,index_reconstructed
pasta,2023-05,2.286025434877942,142.17,2.2,136.82,Eurostat,index_reconstructed
pasta,2023-06,2.2828095307703555,141.97,2.2,136.82,Eurostat,index_reconstructed
pasta,2023-07,2.290527700628563,142.45,2.2,136.82,Eurostat,index_reconstructed
pasta,2023-08,2.2874725917263556,142.26,2.2,136.82,Eurostat,index_reconstructed
pasta,2023-09,2.258851045168835,140.48,2.2,136.82,Eurostat,index_reconstructed
pasta,2023-10,2.2580470691419388,140.43,2.2,136.82,Eurostat,index_reconstructed
pasta,2023-11,2.261102178044146,140.62,2.2,136.82,Eurostat,index_reconstructed
pasta,2023-12,2.258207864347318,140.44,2.2,136.82,Eurostat,index_reconstructed
pasta,2024-01,2.2659260342055254,140.92,2.2,136.82,Eurostat,index_reconstructed
pasta,2024-02,2.2546703698289727,140.22,2.2,136.82,Eurostat,index_reconstructed
pasta,2024-03,2.2575646835258008,140.4,2.2,136.82,Eurostat,index_reconstructed
pasta,2024-04,2.2554743458558697,140.27,2.2,136.82,Eurostat,index_reconstructed
pasta,2024-05,2.245344247916971,139.64,2.2,136.82,Eurostat,index_reconstructed
pasta,2024-06,2.2530624177751792,140.12,2.2,136.82,Eurostat,index_reconstructed
pasta,2024-07,2.258207864347318,140.44,2.2,136.82,Eurostat,index_reconstructed
pasta,2024-08,2.2520976465429032,140.06,2.2,136.82,Eurostat,index_reconstructed
pasta,2024-09,2.2347317643619355,138.98,2.2,136.82,Eurostat,index_reconstructed
pasta,2024-10,2.230551089022073,138.72,2.2,136.82,Eurostat,index_reconstructed
pasta,2024-11,2.24341470545242,139.52,2.2,136.82,Eurostat,index_reconstructed
pasta,2024-12,2.2366613068264876,139.1,2.2,136.82,Eurostat,index_reconstructed
pasta,2025-01,2.244701067095454,139.6,2.2,136.82,Eurostat,index_reconstructed
pasta,2025-02,2.2377868732641426,139.17,2.2,136.82,Eurostat,index_reconstructed
pasta,2025-03,2.2332846075135215,138.89,2.2,136.82,Eurostat,index_reconstructed
pasta,2025-04,2.232319836281246,138.83,2.2,136.82,Eurostat,index_reconstructed
pasta,2025-05,2.226048823271452,138.44,2.2,136.82,Eurostat,index_reconstructed
pasta,2025-06,2.226852799298349,138.49,2.2,136.82,Eurostat,index_reconstructed
pasta,2025-07,2.225566437655314,138.41,2.2,136.82,Eurostat,index_reconstructed
pasta,2025-08,2.229586317789797,138.66,2.2,136.82,Eurostat,index_reconstructed
pasta,2025-09,2.2127028212249678,137.61,2.2,136.82,Eurostat,index_reconstructed
pasta,2025-10,2.202251132875311,136.96,2.2,136.82,Eurostat,index_reconstructed
pasta,2025-11,2.199517614383862,136.79,2.2,136.82,Eurostat,index_reconstructed
pasta,2025-12,2.2,136.82,2.2,136.82,Eurostat,index_reconstructed
tomatoes,2016-12,2.3275977057489663,100.0,3.49,149.94,Eurostat,index_reconstructed
tomatoes,2017-01,2.5326590636254505,108.81,3.49,149.94,Eurostat,index_reconstructed
tomatoes,2017-02,2.791487928504736,119.93,3.49,149.94,Eurostat,index_reconstructed
tomatoes,2017-03,2.4902967853808193,106.99,3.49,149.94,Eurostat,index_reconstructed
tomatoes,2017-04,2.425822328931573,104.22,3.49,149.94,Eurostat,index_reconstructed
tomatoes,2017-05,2.282675070028011,98.07,3.49,149.94,Eurostat,index_reconstructed
tomatoes,2017-06,2.128355342136855,91.44,3.49,149.94,Eurostat,index_reconstructed
tomatoes,2017-07,2.1001914098972927,90.23,3.49,149.94,Eurostat,index_reconstructed
tomatoes,2017-08,2.0429325063358674,87.77,3.49,149.94,Eurostat,index_reconstructed
tomatoes,2017-09,2.1062431639322394,90.49,3.49,149.94,Eurostat,index_reconstructed
tomatoes,2017-10,2.2528818193944247,96.79,3.49,149.94,Eurostat,index_reconstructed
tomatoes,2017-11,2.2319334400426842,95.89,3.49,149.94,Eurostat,index_reconstructed
tomatoes,2017-12,2.31968387354942,99.66,3.49,149.94,Eurostat,index_reconstructed
tomatoes,2018-01,2.4181412565026013,103.89,3.49,149.94,Eurostat,index_reconstructed
tomatoes,2018-02,2.3769427771108447,102.12,3.49,149.94,Eurostat,index_reconstructed
tomatoes,2018-03,2.3778738161931443,102.16,3.49,149.94,Eurostat,index_reconstructed
tomatoes,2018-04,2.3660030678938244,101.65,3.49,149.94,Eurostat,index_reconstructed
tomatoes,2018-05,2.3755462184873952,102.06,3.49,149.94,Eurostat,index_reconstructed
tomatoes,2018-06,2.276856075763639,97.82,3.49,149.94,Eurostat,index_reconstructed
tomatoes,2018-07,2.215640256102441,95.19,3.49,149.94,Eurostat,index_reconstructed
tomatoes,2018-08,2.1614072295584905,92.86,3.49,149.94,Eurostat,index_reconstructed
tomatoes,2018-09,2.3571581966119783,101.27,3.49,149.94,Eurostat,index_reconstructed
tomatoes,2018-10,2.419072295584901,103.93,3.49,149.94,Eurostat,index_reconstructed
tomatoes,2018-11,2.3964945978391357,102.96,3.49,149.94,Eurostat,index_reconstructed
tomatoes,2018-12,2.5107796451914104,107.87,3.49,149.94,Eurostat,index_reconstructed
tomatoes,2019-01,2.6378664799253038,113.33,3.49,149.94,Eurostat,index_reconstructed
tomatoes,2019-02,2.7533153261304526,118.29,3.49,149.94,Eurostat,index_reconstructed
tomatoes,2019-03,2.626461251167134,112.84,3.49,149.94,Eurostat,index_reconstructed
tomatoes,2019-04,2.6276250500200082,112.89,3.49,149.94,Eurostat,index_reconstructed
tomatoes,2019-05,2.5752541016406565,110.64,3.49,149.94,Eurostat,index_reconstructed
tomatoes,2019-06,2.485641589969321,106.79,3.49,149.94,Eurostat,index_reconstructed
tomatoes,2019-07,2.4793570761637986,106.52,3.49,149.94,Eurostat,index_reconstructed
tomatoes,2019-08,2.4754001600640256,106.35,3.49,149.94,Eurostat,index_reconstructed
tomatoes,2019-09,2.440486194477791,104.85,3.49,149.94,Eurostat,index_reconstructed
tomatoes,2019-10,2.3925376817393627,102.79,3.49,149.94,Eurostat,index_reconstructed
tomatoes,2019-11,2.430710284113646,104.43,3.49,149.94,Eurostat,index_reconstructed
tomatoes,2019-12,2.535917700413499,108.95,3.49,149.94,Eurostat,index_reconstructed
tomatoes,2020-01,2.6269267707082835,112.86,3.49,149.94,Eurostat,index_reconstructed
tomatoes,2020-02,2.7116513271975458,116.5,3.49,149.94,Eurostat,index_reconstructed
tomatoes,2020-03,2.6418233960250768,113.5,3.49,149.94,Eurostat,index_reconstructed
tomatoes,2020-04,2.8575917033480063,122.77,3.49,149.94,Eurostat,index_reconstructed
tomatoes,2020-05,2.7190996398559424,116.82,3.49,149.94,Eurostat,index_reconstructed
tomatoes,2020-06,2.5936421235160734,111.43,3.49,149.94,Eurostat,index_reconstructed
tomatoes,2020-07,2.422330932372949,104.07,3.49,149.94,Eurostat,index_reconstructed
tomatoes,2020-08,2.382063492063492,102.34,3.49,149.94,Eurostat,index_reconstructed
tomatoes,2020-09,2.428382686407897,104.33,3.49,149.94,Eurostat,index_reconstructed
tomatoes,2020-10,2.5347539015606246,108.9,3.49,149.94,Eurostat,index_reconstructed
tomatoes,2020-11,2.6297198879551824,112.98,3.49,149.94,Eurostat,index_reconstructed
tomatoes,2020-12,2.5487194877951183,109.5,3.49,149.94,Eurostat,index_reconstructed
tomatoes,2021-01,2.70234093637455,116.1,3.49,149.94,Eurostat,index_reconstructed
tomatoes,2021-02,2.7291083099906635,117.25,3.49,149.94,Eurostat,index_reconstructed
tomatoes,2021-03,2.688608109910631,115.51,3.49,149.94,Eurostat,index_reconstructed
tomatoes,2021-04,2.832453648125917,121.69,3.49,149.94,Eurostat,index_reconstructed
tomatoes,2021-05,2.7267807122849144,117.15,3.49,149.94,Eurostat,index_reconstructed
tomatoes,2021-06,2.574323062558357,110.6,3.49,149.94,Eurostat,index_reconstructed
tomatoes,2021-07,2.524977991196479,108.48,3.49,149.94,Eurostat,index_reconstructed
tomatoes,2021-08,2.531495264772576,108.76,3.49,149.94,Eurostat,index_reconstructed
tomatoes,2021-09,2.5733920234760577,110.56,3.49,149.94,Eurostat,index_reconstructed
tomatoes,2021-10,2.5685040682939846,110.35,3.49,149.94,Eurostat,index_reconstructed
tomatoes,2021-11,2.619245698279312,112.53,3.49,149.94,Eurostat,index_reconstructed
tomatoes,2021-12,2.749358410030679,118.12,3.49,149.94,Eurostat,index_reconstructed
tomatoes,2022-01,2.900419501133787,124.61,3.49,149.94,Eurostat,index_reconstructed
tomatoes,2022-02,3.0242476990796323,129.93,3.49,149.94,Eurostat,index_reconstructed
tomatoes,2022-03,3.037980525543551,130.52,3.49,149.94,Eurostat,index_reconstructed
tomatoes,2022-04,3.175541549953315,136.43,3.49,149.94,Eurostat,index_reconstructed
tomatoes,2022-05,2.9516266506602644,126.81,3.49,149.94,Eurostat,index_reconstructed
tomatoes,2022-06,2.819884620514873,121.15,3.49,149.94,Eurostat,index_reconstructed
tomatoes,2022-07,2.7791516606642657,119.4,3.49,149.94,Eurostat,index_reconstructed
tomatoes,2022-08,2.7917206882753103,119.94,3.49,149.94,Eurostat,index_reconstructed
tomatoes,2022-09,2.9306782713085235,125.91,3.49,149.94,Eurostat,index_reconstructed
tomatoes,2022-10,3.18531746031746,136.85,3.49,149.94,Eurostat,index_reconstructed
tomatoes,2022-11,3.069403094571162,131.87,3.49,149.94,Eurostat,index_reconstructed
tomatoes,2022-12,3.0884893957583035,132.69,3.49,149.94,Eurostat,index_reconstructed
tomatoes,2023-01,3.1825243430705616,136.73,3.49,149.94,Eurostat,index_reconstructed
tomatoes,2023-02,3.583103908229959,153.94,3.49,149.94,Eurostat,index_reconstructed
tomatoes,2023-03,3.795380818994265,163.06,3.49,149.94,Eurostat,index_reconstructed
tomatoes,2023-04,3.6068454048285985,154.96,3.49,149.94,Eurostat,index_reconstructed
tomatoes,2023-05,3.4953534747232227,150.17,3.49,149.94,Eurostat,index_reconstructed
tomatoes,2023-06,3.358490729625183,144.29,3.49,149.94,Eurostat,index_reconstructed
tomatoes,2023-07,3.216274509803922,138.18,3.49,149.94,Eurostat,index_reconstructed
tomatoes,2023-08,3.1280585567560357,134.39,3.49,149.94,Eurostat,index_reconstructed
tomatoes,2023-09,3.1974209683873553,137.37,3.49,149.94,Eurostat,index_reconstructed
tomatoes,2023-10,3.2274469787915168,138.66,3.49,149.94,Eurostat,index_reconstructed
tomatoes,2023-11,3.343826864078965,143.66,3.49,149.94,Eurostat,index_reconstructed
tomatoes,2023-12,3.4287841803388024,147.31,3.49,149.94,Eurostat,index_reconstructed
tomatoes,2024-01,3.5814745898359344,153.87,3.49,149.94,Eurostat,index_reconstructed
tomatoes,2024-02,3.4841810057356275,149.69,3.49,149.94,Eurostat,index_reconstructed
tomatoes,2024-03,3.3975943710817664,145.97,3.49,149.94,Eurostat,index_reconstructed
tomatoes,2024-04,3.43483593437375,147.57,3.49,149.94,Eurostat,index_reconstructed
tomatoes,2024-05,3.403878884887289,146.24,3.49,149.94,Eurostat,index_reconstructed
tomatoes,2024-06,3.309145658263305,142.17,3.49,149.94,Eurostat,index_reconstructed
tomatoes,2024-07,3.255843670801654,139.88,3.49,149.94,Eurostat,index_reconstructed
tomatoes,2024-08,3.229774576497266,138.76,3.49,149.94,Eurostat,index_reconstructed
tomatoes,2024-09,3.3189215686274514,142.59,3.49,149.94,Eurostat,index_reconstructed
tomatoes,2024-10,3.4872068827531013,149.82,3.49,149.94,Eurostat,index_reconstructed
tomatoes,2024-11,3.5107156195811666,150.83,3.49,149.94,Eurostat,index_reconstructed
tomatoes,2024-12,3.4583446712018144,148.58,3.49,149.94,Eurostat,index_reconstructed
tomatoes,2025-01,3.6101040416166468,155.1,3.49,149.94,Eurostat,index_reconstructed
tomatoes,2025-02,3.653630118714153,156.97,3.49,149.94,Eurostat,index_reconstructed
tomatoes,2025-03,3.6203454715219423,155.54,3.49,149.94,Eurostat,index_reconstructed
tomatoes,2025-04,3.663871548619448,157.41,3.49,149.94,Eurostat,index_reconstructed
tomatoes,2025-05,3.463232626383887,148.79,3.49,149.94,Eurostat,index_reconstructed
tomatoes,2025-06,3.3354475123382694,143.3,3.49,149.94,Eurostat,index_reconstructed
tomatoes,2025-07,3.3314905962384955,143.13,3.49,149.94,Eurostat,index_reconstructed
tomatoes,2025-08,3.3387061491263177,143.44,3.49,149.94,Eurostat,index_reconstructed
tomatoes,2025-09,3.3380078698145925,143.41,3.49,149.94,Eurostat,index_reconstructed
tomatoes,2025-10,3.3293957583033214,143.04,3.49,149.94,Eurostat,index_reconstructed
tomatoes,2025-11,3.3657062825130053,144.6,3.49,149.94,Eurostat,index_reconstructed
tomatoes,2025-12,3.49,149.94,3.49,149.94,Eurostat,index_reconstructed
cheese,2016-12,6.983141708400931,100.0,9.9,141.77,Eurostat,index_reconstructed
cheese,2017-01,7.018755731113776,100.51,9.9,141.77,Eurostat,index_reconstructed
cheese,2017-02,7.044593355434858,100.88,9.9,141.77,Eurostat,index_reconstructed
cheese,2017-03,7.074620864780983,101.31,9.9,141.77,Eurostat,index_reconstructed
cheese,2017-04,7.080207378147704,101.39,9.9,141.77,Eurostat,index_reconstructed
cheese,2017-05,7.0913804048811455,101.55,9.9,141.77,Eurostat,index_reconstructed
cheese,2017-06,7.1514354235733935,102.41,9.9,141.77,Eurostat,index_reconstructed
cheese,2017-07,7.1451505960358315,102.32,9.9,141.77,Eurostat,index_reconstructed
cheese,2017-08,7.177273047894476,102.78,9.9,141.77,Eurostat,index_reconstructed
cheese,2017-09,7.158418565281794,102.51,9.9,141.77,Eurostat,index_reconstructed
cheese,2017-10,7.174479791211116,102.74,9.9,141.77,Eurostat,index_reconstructed
cheese,2017-11,7.224758411511602,103.46,9.9,141.77,Eurostat,index_reconstructed
cheese,2017-12,7.236629752415884,103.63,9.9,141.77,Eurostat,index_reconstructed
cheese,2018-01,7.214982013119841,103.32,9.9,141.77,Eurostat,index_reconstructed
cheese,2018-02,7.231043239049163,103.55,9.9,141.77,Eurostat,index_reconstructed
cheese,2018-03,7.254785920857726,103.89,9.9,141.77,Eurostat,index_reconstructed
cheese,2018-04,7.266657261762008,104.06,9.9,141.77,Eurostat,index_reconstructed
cheese,2018-05,7.260372434224449,103.97,9.9,141.77,Eurostat,index_reconstructed
cheese,2018-06,7.2959864569372925,104.48,9.9,141.77,Eurostat,index_reconstructed
cheese,2018-07,7.278528602666292,104.23,9.9,141.77,Eurostat,index_reconstructed
cheese,2018-08,7.2959864569372925,104.48,9.9,141.77,Eurostat,index_reconstructed
cheese,2018-09,7.267355575932847,104.07,9.9,141.77,Eurostat,index_reconstructed
cheese,2018-10,7.276433660153771,104.2,9.9,141.77,Eurostat,index_reconstructed
cheese,2018-11,7.282718487691331,104.29,9.9,141.77,Eurostat,index_reconstructed
cheese,2018-12,7.302969598645694,104.58,9.9,141.77,Eurostat,index_reconstructed
cheese,2019-01,7.268053890103689,104.08,9.9,141.77,Eurostat,index_reconstructed
cheese,2019-02,7.302969598645694,104.58,9.9,141.77,Eurostat,index_reconstructed
cheese,2019-03,7.323220709600057,104.87,9.9,141.77,Eurostat,index_reconstructed
cheese,2019-04,7.366516188192141,105.49,9.9,141.77,Eurostat,index_reconstructed
cheese,2019-05,7.323220709600057,104.87,9.9,141.77,Eurostat,index_reconstructed
cheese,2019-06,7.3378853071876975,105.08,9.9,141.77,Eurostat,index_reconstructed
cheese,2019-07,7.381180785779784,105.7,9.9,141.77,Eurostat,index_reconstructed
cheese,2019-08,7.3741976440713835,105.6,9.9,141.77,Eurostat,index_reconstructed
cheese,2019-09,7.379085843267264,105.67,9.9,141.77,Eurostat,index_reconstructed
cheese,2019-10,7.383275728292305,105.73,9.9,141.77,Eurostat,index_reconstructed
cheese,2019-11,7.395845383367425,105.91,9.9,141.77,Eurostat,index_reconstructed
cheese,2019-12,7.393052126684066,105.87,9.9,141.77,Eurostat,index_reconstructed
cheese,2020-01,7.360929674825421,105.41,9.9,141.77,Eurostat,index_reconstructed
cheese,2020-02,7.384672356633984,105.75,9.9,141.77,Eurostat,index_reconstructed
cheese,2020-03,7.42447626437187,106.32,9.9,141.77,Eurostat,index_reconstructed
cheese,2020-04,7.4964026239683985,107.35,9.9,141.77,Eurostat,index_reconstructed
cheese,2020-05,7.487324539747478,107.22,9.9,141.77,Eurostat,index_reconstructed
cheese,2020-06,7.466375114622275,106.92,9.9,141.77,Eurostat,index_reconstructed
cheese,2020-07,7.4084150384425485,106.09,9.9,141.77,Eurostat,index_reconstructed
cheese,2020-08,7.42936446356775,106.39,9.9,141.77,Eurostat,index_reconstructed
cheese,2020-09,7.383275728292305,105.73,9.9,141.77,Eurostat,index_reconstructed
cheese,2020-10,7.381879099950623,105.71,9.9,141.77,Eurostat,index_reconstructed
cheese,2020-11,7.364421245679622,105.46,9.9,141.77,Eurostat,index_reconstructed
cheese,2020-12,7.411208295125907,106.13,9.9,141.77,Eurostat,index_reconstructed
cheese,2021-01,7.372801015729702,105.58,9.9,141.77,Eurostat,index_reconstructed
cheese,2021-02,7.433554348592791,106.45,9.9,141.77,Eurostat,index_reconstructed
cheese,2021-03,7.430062777738591,106.4,9.9,141.77,Eurostat,index_reconstructed
cheese,2021-04,7.439140861959513,106.53,9.9,141.77,Eurostat,index_reconstructed
cheese,2021-05,7.4482189461804325,106.66,9.9,141.77,Eurostat,index_reconstructed
cheese,2021-06,7.473358256330676,107.02,9.9,141.77,Eurostat,index_reconstructed
cheese,2021-07,7.489419482259999,107.25,9.9,141.77,Eurostat,index_reconstructed
cheese,2021-08,7.484531283064118,107.18,9.9,141.77,Eurostat,index_reconstructed
cheese,2021-09,7.4565987162305145,106.78,9.9,141.77,Eurostat,index_reconstructed
cheese,2021-10,7.49919588065176,107.39,9.9,141.77,Eurostat,index_reconstructed
cheese,2021-11,7.549474500952246,108.11,9.9,141.77,Eurostat,index_reconstructed
cheese,2021-12,7.6891373351202645,110.11,9.9,141.77,Eurostat,index_reconstructed
cheese,2022-01,7.736622698737392,110.79,9.9,141.77,Eurostat,index_reconstructed
cheese,2022-02,7.831593425971644,112.15,9.9,141.77,Eurostat,index_reconstructed
cheese,2022-03,7.86860407702617,112.68,9.9,141.77,Eurostat,index_reconstructed
cheese,2022-04,8.054355646469633,115.34,9.9,141.77,Eurostat,index_reconstructed
cheese,2022-05,8.153516258728928,116.76,9.9,141.77,Eurostat,index_reconstructed
cheese,2022-06,8.325999858926432,119.23,9.9,141.77,Eurostat,index_reconstructed
cheese,2022-07,8.583677787966424,122.92,9.9,141.77,Eurostat,index_reconstructed
cheese,2022-08,8.735910277209564,125.1,9.9,141.77,Eurostat,index_reconstructed
cheese,2022-09,8.967052267757635,128.41,9.9,141.77,Eurostat,index_reconstructed
cheese,2022-10,9.115094871975735,130.53,9.9,141.77,Eurostat,index_reconstructed
cheese,2022-11,9.358806517598929,134.02,9.9,141.77,Eurostat,index_reconstructed
cheese,2022-12,9.507547435987869,136.15,9.9,141.77,Eurostat,index_reconstructed
cheese,2023-01,9.59274176483036,137.37,9.9,141.77,Eurostat,index_reconstructed
cheese,2023-02,9.682125978697892,138.65,9.9,141.77,Eurostat,index_reconstructed
cheese,2023-03,9.729611342315017,139.33,9.9,141.77,Eurostat,index_reconstructed
cheese,2023-04,9.767320307540382,139.87,9.9,141.77,Eurostat,index_reconstructed
cheese,2023-05,9.730309656485858,139.34,9.9,141.77,Eurostat,index_reconstructed
cheese,2023-06,9.721929886435776,139.22,9.9,141.77,Eurostat,index_reconstructed
cheese,2023-07,9.698187204627212,138.88,9.9,141.77,Eurostat,index_reconstructed
cheese,2023-08,9.726818085631656,139.29,9.9,141.77,Eurostat,index_reconstructed
cheese,2023-09,9.663969810256047,138.39,9.9,141.77,Eurostat,index_reconstructed
cheese,2023-10,9.635338929251605,137.98,9.9,141.77,Eurostat,index_reconstructed
cheese,2023-11,9.638132185934966,138.02,9.9,141.77,Eurostat,index_reconstructed
cheese,2023-12,9.694695633773012,138.83,9.9,141.77,Eurostat,index_reconstructed
cheese,2024-01,9.68003103618537,138.62,9.9,141.77,Eurostat,index_reconstructed
cheese,2024-02,9.68771249206461,138.73,9.9,141.77,Eurostat,index_reconstructed
cheese,2024-03,9.704472032164775,138.97,9.9,141.77,Eurostat,index_reconstructed
cheese,2024-04,9.677936093672852,138.59,9.9,141.77,Eurostat,index_reconstructed
cheese,2024-05,9.655590040205967,138.27,9.9,141.77,Eurostat,index_reconstructed
cheese,2024-06,9.68282429286873,138.66,9.9,141.77,Eurostat,index_reconstructed
cheese,2024-07,9.647908584326727,138.16,9.9,141.77,Eurostat,index_reconstructed
cheese,2024-08,9.68142766452705,138.64,9.9,141.77,Eurostat,index_reconstructed
cheese,2024-09,9.68282429286873,138.66,9.9,141.77,Eurostat,index_reconstructed
cheese,2024-10,9.691204062918812,138.78,9.9,141.77,Eurostat,index_reconstructed
cheese,2024-11,9.721231572264935,139.21,9.9,141.77,Eurostat,index_reconstructed
cheese,2024-12,9.77081187839458,139.92,9.9,141.77,Eurostat,index_reconstructed
cheese,2025-01,9.67374620864781,138.53,9.9,141.77,Eurostat,index_reconstructed
cheese,2025-02,9.734499541510898,139.4,9.9,141.77,Eurostat,index_reconstructed
cheese,2025-03,9.75475065246526,139.69,9.9,141.77,Eurostat,index_reconstructed
cheese,2025-04,9.772208506736263,139.94,9.9,141.77,Eurostat,index_reconstructed
cheese,2025-05,9.773605135077943,139.96,9.9,141.77,Eurostat,index_reconstructed
cheese,2025-06,9.74916413909854,139.61,9.9,141.77,Eurostat,index_reconstructed
cheese,2025-07,9.820392184524229,140.63,9.9,141.77,Eurostat,index_reconstructed
cheese,2025-08,9.844134866332793,140.97,9.9,141.77,Eurostat,index_reconstructed
cheese,2025-09,9.810615786132468,140.49,9.9,141.77,Eurostat,index_reconstructed
cheese,2025-10,9.806425901107428,140.43,9.9,141.77,Eurostat,index_reconstructed
cheese,2025-11,9.869274176483037,141.33,9.9,141.77,Eurostat,index_reconstructed
cheese,2025-12,9.9,141.77,9.9,141.77,Eurostat,index_reconstructed
olive_oil,2016-12,8.035215204024594,100.0,11.5,143.12,Eurostat,index_reconstructed
olive_oil,2017-01,8.08262297372834,100.59,11.5,143.12,Eurostat,index_reconstructed
olive_oil,2017-02,8.114763834544437,100.99,11.5,143.12,Eurostat,index_reconstructed
olive_oil,2017-03,8.25859418669648,102.78,11.5,143.12,Eurostat,index_reconstructed
olive_oil,2017-04,8.334928731134712,103.73,11.5,143.12,Eurostat,index_reconstructed
olive_oil,2017-05,8.407245667970933,104.63,11.5,143.12,Eurostat,index_reconstructed
olive_oil,2017-06,8.480366126327556,105.54,11.5,143.12,Eurostat,index_reconstructed
olive_oil,2017-07,8.583216880939071,106.82,11.5,143.12,Eurostat,index_reconstructed
olive_oil,2017-08,8.637856344326439,107.5,11.5,143.12,Eurostat,index_reconstructed
olive_oil,2017-09,8.650712688652877,107.66,11.5,143.12,Eurostat,index_reconstructed
olive_oil,2017-10,8.611340134153158,107.17,11.5,143.12,Eurostat,index_reconstructed
olive_oil,2017-11,8.673211291224147,107.94,11.5,143.12,Eurostat,index_reconstructed
olive_oil,2017-12,8.641873951928451,107.55,11.5,143.12,Eurostat,index_reconstructed
olive_oil,2018-01,8.704548630519843,108.33,11.5,143.12,Eurostat,index_reconstructed
olive_oil,2018-02,8.653926774734488,107.7,11.5,143.12,Eurostat,index_reconstructed
olive_oil,2018-03,8.649105645612073,107.64,11.5,143.12,Eurostat,index_reconstructed
olive_oil,2018-04,8.637856344326439,107.5,11.5,143.12,Eurostat,index_reconstructed
olive_oil,2018-05,8.576788708775853,106.74,11.5,143.12,Eurostat,index_reconstructed
olive_oil,2018-06,8.461081609837898,105.3,11.5,143.12,Eurostat,index_reconstructed
olive_oil,2018-07,8.383943543879262,104.34,11.5,143.12,Eurostat,index_reconstructed
olive_oil,2018-08,8.297163219675797,103.26,11.5,143.12,Eurostat,index_reconstructed
olive_oil,2018-09,8.256987143655673,102.76,11.5,143.12,Eurostat,index_reconstructed
olive_oil,2018-10,8.274664617104527,102.98,11.5,143.12,Eurostat,index_reconstructed
olive_oil,2018-11,8.163778647288988,101.6,11.5,143.12,Eurostat,index_reconstructed
olive_oil,2018-12,8.033608160983789,99.98,11.5,143.12,Eurostat,index_reconstructed
olive_oil,2019-01,8.0697666294019,100.43,11.5,143.12,Eurostat,index_reconstructed
olive_oil,2019-02,8.039232811626608,100.05,11.5,143.12,Eurostat,index_reconstructed
olive_oil,2019-03,8.024769424259363,99.87,11.5,143.12,Eurostat,index_reconstructed
olive_oil,2019-04,7.937989100055897,98.79,11.5,143.12,Eurostat,index_reconstructed
olive_oil,2019-05,7.917097540525433,98.53,11.5,143.12,Eurostat,index_reconstructed
olive_oil,2019-06,7.8359418669647845,97.52,11.5,143.12,Eurostat,index_reconstructed
olive_oil,2019-07,7.815050307434321,97.26,11.5,143.12,Eurostat,index_reconstructed
olive_oil,2019-08,7.796569312465064,97.03,11.5,143.12,Eurostat,index_reconstructed
olive_oil,2019-09,7.700950251537172,95.84,11.5,143.12,Eurostat,index_reconstructed
olive_oil,2019-10,7.68086221352711,95.59,11.5,143.12,Eurostat,index_reconstructed
olive_oil,2019-11,7.69693264393516,95.79,11.5,143.12,Eurostat,index_reconstructed
olive_oil,2019-12,7.653542481833426,95.25,11.5,143.12,Eurostat,index_reconstructed
olive_oil,2020-01,7.719431246506427,96.07,11.5,143.12,Eurostat,index_reconstructed
olive_oil,2020-02,7.602920626048072,94.62,11.5,143.12,Eurostat,index_reconstructed
olive_oil,2020-03,7.634257965343767,95.01,11.5,143.12,Eurostat,index_reconstructed
olive_oil,2020-04,7.668809390721073,95.44,11.5,143.12,Eurostat,index_reconstructed
olive_oil,2020-05,7.6374720514253776,95.05,11.5,143.12,Eurostat,index_reconstructed
olive_oil,2020-06,7.6061347121296805,94.66,11.5,143.12,Eurostat,index_reconstructed
olive_oil,2020-07,7.4719466182224705,92.99,11.5,143.12,Eurostat,index_reconstructed
olive_oil,2020-08,7.425342370039127,92.41,11.5,143.12,Eurostat,index_reconstructed
olive_oil,2020-09,7.360257126886528,91.6,11.5,143.12,Eurostat,index_reconstructed
olive_oil,2020-10,7.368292342090553,91.7,11.5,143.12,Eurostat,index_reconstructed
olive_oil,2020-11,7.32490217998882,91.16,11.5,143.12,Eurostat,index_reconstructed
olive_oil,2020-12,7.310438792621576,90.98,11.5,143.12,Eurostat,index_reconstructed
olive_oil,2021-01,7.436591671324763,92.55,11.5,143.12,Eurostat,index_reconstructed
olive_oil,2021-02,7.455876187814422,92.79,11.5,143.12,Eurostat,index_reconstructed
olive_oil,2021-03,7.447840972610396,92.69,11.5,143.12,Eurostat,index_reconstructed
olive_oil,2021-04,7.573190329793181,94.25,11.5,143.12,Eurostat,index_reconstructed
olive_oil,2021-05,7.651935438792621,95.23,11.5,143.12,Eurostat,index_reconstructed
olive_oil,2021-06,7.755589714924539,96.52,11.5,143.12,Eurostat,index_reconstructed
olive_oil,2021-07,7.93557853549469,98.76,11.5,143.12,Eurostat,index_reconstructed
olive_oil,2021-08,8.044053940749022,100.11,11.5,143.12,Eurostat,index_reconstructed
olive_oil,2021-09,8.101103968697595,100.82,11.5,143.12,Eurostat,index_reconstructed
olive_oil,2021-10,8.149315259921742,101.42,11.5,143.12,Eurostat,index_reconstructed
olive_oil,2021-11,8.140476523197316,101.31,11.5,143.12,Eurostat,index_reconstructed
olive_oil,2021-12,8.154136389044158,101.48,11.5,143.12,Eurostat,index_reconstructed
olive_oil,2022-01,8.260201229737284,102.8,11.5,143.12,Eurostat,index_reconstructed
olive_oil,2022-02,8.322875908328676,103.58,11.5,143.12,Eurostat,index_reconstructed
olive_oil,2022-03,8.46831330352152,105.39,11.5,143.12,Eurostat,index_reconstructed
olive_oil,2022-04,8.813024035774177,109.68,11.5,143.12,Eurostat,index_reconstructed
olive_oil,2022-05,8.93194522079374,111.16,11.5,143.12,Eurostat,index_reconstructed
olive_oil,2022-06,8.956050866405812,111.46,11.5,143.12,Eurostat,index_reconstructed
olive_oil,2022-07,9.012297372833984,112.16,11.5,143.12,Eurostat,index_reconstructed
olive_oil,2022-08,8.991405813303523,111.9,11.5,143.12,Eurostat,index_reconstructed
olive_oil,2022-09,9.044438233650084,112.56,11.5,143.12,Eurostat,index_reconstructed
olive_oil,2022-10,9.189875628842929,114.37,11.5,143.12,Eurostat,index_reconstructed
olive_oil,2022-11,9.55949552822806,118.97,11.5,143.12,Eurostat,index_reconstructed
olive_oil,2022-12,9.921080212409167,123.47,11.5,143.12,Eurostat,index_reconstructed
olive_oil,2023-01,10.150887367244271,126.33,11.5,143.12,Eurostat,index_reconstructed
olive_oil,2023-02,10.562290385690329,131.45,11.5,143.12,Eurostat,index_reconstructed
olive_oil,2023-03,10.708531302403577,133.27,11.5,143.12,Eurostat,index_reconstructed
olive_oil,2023-04,10.890127166014533,135.53,11.5,143.12,Eurostat,index_reconstructed
olive_oil,2023-05,11.029136389044156,137.26,11.5,143.12,Eurostat,index_reconstructed
olive_oil,2023-06,11.274210452766908,140.31,11.5,143.12,Eurostat,index_reconstructed
olive_oil,2023-07,11.63740217998882,144.83,11.5,143.12,Eurostat,index_reconstructed
olive_oil,2023-08,12.327627166014532,153.42,11.5,143.12,Eurostat,index_reconstructed
olive_oil,2023-09,13.037940190050305,162.26,11.5,143.12,Eurostat,index_reconstructed
olive_oil,2023-10,13.808517328116265,171.85,11.5,143.12,Eurostat,index_reconstructed
olive_oil,2023-11,14.427228898826161,179.55,11.5,143.12,Eurostat,index_reconstructed
olive_oil,2023-12,14.624895192845162,182.01,11.5,143.12,Eurostat,index_reconstructed
olive_oil,2024-01,15.184949692565679,188.98,11.5,143.12,Eurostat,index_reconstructed
olive_oil,2024-02,15.888834544438234,197.74,11.5,143.12,Eurostat,index_reconstructed
olive_oil,2024-03,16.32514673001677,203.17,11.5,143.12,Eurostat,index_reconstructed
olive_oil,2024-04,16.4987073784237,205.33,11.5,143.12,Eurostat,index_reconstructed
olive_oil,2024-05,16.474601732811625,205.03,11.5,143.12,Eurostat,index_reconstructed
olive_oil,2024-06,16.401481274455,204.12,11.5,143.12,Eurostat,index_reconstructed
olive_oil,2024-07,16.151586081609835,201.01,11.5,143.12,Eurostat,index_reconstructed
olive_oil,2024-08,16.06159167132476,199.89,11.5,143.12,Eurostat,index_reconstructed
olive_oil,2024-09,15.883209893795415,197.67,11.5,143.12,Eurostat,index_reconstructed
olive_oil,2024-10,15.792411961989938,196.54,11.5,143.12,Eurostat,index_reconstructed
olive_oil,2024-11,15.505554779206262,192.97,11.5,143.12,Eurostat,index_reconstructed
olive_oil,2024-12,14.846667132476243,184.77,11.5,143.12,Eurostat,index_reconstructed
olive_oil,2025-01,14.362143655673561,178.74,11.5,143.12,Eurostat,index_reconstructed
olive_oil,2025-02,13.68316797093348,170.29,11.5,143.12,Eurostat,index_reconstructed
olive_oil,2025-03,13.119899385131358,163.28,11.5,143.12,Eurostat,index_reconstructed
olive_oil,2025-04,12.629751257685859,157.18,11.5,143.12,Eurostat,index_reconstructed
olive_oil,2025-05,12.187814421464505,151.68,11.5,143.12,Eurostat,index_reconstructed
olive_oil,2025-06,11.897743152599215,148.07,11.5,143.12,Eurostat,index_reconstructed
olive_oil,2025-07,11.820605086640581,147.11,11.5,143.12,Eurostat,index_reconstructed
olive_oil,2025-08,11.65025852431526,144.99,11.5,143.12,Eurostat,index_reconstructed
olive_oil,2025-09,11.418040804918947,142.1,11.5,143.12,Eurostat,index_reconstructed
olive_oil,2025-10,11.478304918949132,142.85,11.5,143.12,Eurostat,index_reconstructed
olive_oil,2025-11,11.528926774734488,143.48,11.5,143.12,Eurostat,index_reconstructed
olive_oil,2025-12,11.5,143.12,11.5,143.12,Eurostat,index_reconstructed
eggs,2016-12,2.9322073657049024,100.0,5.0,170.52,Eurostat,index_reconstructed
eggs,2017-01,2.9410039878020173,100.3,5.0,170.52,Eurostat,index_reconstructed
eggs,2017-02,2.93103448275862,99.96,5.0,170.52,Eurostat,index_reconstructed
eggs,2017-03,2.9222378606615056,99.66,5.0,170.52,Eurostat,index_reconstructed
eggs,2017-04,2.907870044569552,99.17,5.0,170.52,Eurostat,index_reconstructed
eggs,2017-05,2.9093361482524043,99.22,5.0,170.52,Eurostat,index_reconstructed
eggs,2017-06,2.9011259676284302,98.94,5.0,170.52,Eurostat,index_reconstructed
eggs,2017-07,2.9166666666666665,99.47,5.0,170.52,Eurostat,index_reconstructed
eggs,2017-08,2.9281022753929156,99.86,5.0,170.52,Eurostat,index_reconstructed
eggs,2017-09,2.941590429275158,100.32,5.0,170.52,Eurostat,index_reconstructed
eggs,2017-10,2.9970091484869807,102.21,5.0,170.52,Eurostat,index_reconstructed
eggs,2017-11,3.265306122448979,111.36,5.0,170.52,Eurostat,index_reconstructed
eggs,2017-12,3.354738447102979,114.41,5.0,170.52,Eurostat,index_reconstructed
eggs,2018-01,3.3638282899366643,114.72,5.0,170.52,Eurostat,index_reconstructed
eggs,2018-02,3.3286418015482053,113.52,5.0,170.52,Eurostat,index_reconstructed
eggs,2018-03,3.274982406755806,111.69,5.0,170.52,Eurostat,index_reconstructed
eggs,2018-04,3.2418484635233398,110.56,5.0,170.52,Eurostat,index_reconstructed
eggs,2018-05,3.194053483462351,108.93,5.0,170.52,Eurostat,index_reconstructed
eggs,2018-06,3.1767534600046914,108.34,5.0,170.52,Eurostat,index_reconstructed
eggs,2018-07,3.1667839549612946,108.0,5.0,170.52,Eurostat,index_reconstructed
eggs,2018-08,3.164438189068731,107.92,5.0,170.52,Eurostat,index_reconstructed
eggs,2018-09,3.1661975134881537,107.98,5.0,170.52,Eurostat,index_reconstructed
eggs,2018-10,3.178219563687544,108.39,5.0,170.52,Eurostat,index_reconstructed
eggs,2018-11,3.190241613886934,108.8,5.0,170.52,Eurostat,index_reconstructed
eggs,2018-12,3.1961060286183436,109.0,5.0,170.52,Eurostat,index_reconstructed
eggs,2019-01,3.1870161857846586,108.69,5.0,170.52,Eurostat,index_reconstructed
eggs,2019-02,3.1714754867464223,108.16,5.0,170.52,Eurostat,index_reconstructed
eggs,2019-03,3.1518296973961992,107.49,5.0,170.52,Eurostat,index_reconstructed
eggs,2019-04,3.1362889983579634,106.96,5.0,170.52,Eurostat,index_reconstructed
eggs,2019-05,3.1374618813042456,107.0,5.0,170.52,Eurostat,index_reconstructed
eggs,2019-06,3.128665259207131,106.7,5.0,170.52,Eurostat,index_reconstructed
eggs,2019-07,3.1336500117288293,106.87,5.0,170.52,Eurostat,index_reconstructed
eggs,2019-08,3.141273750879662,107.13,5.0,170.52,Eurostat,index_reconstructed
eggs,2019-09,3.1368754398311047,106.98,5.0,170.52,Eurostat,index_reconstructed
eggs,2019-10,3.149190710767065,107.4,5.0,170.52,Eurostat,index_reconstructed
eggs,2019-11,3.1629720853858783,107.87,5.0,170.52,Eurostat,index_reconstructed
eggs,2019-12,3.1726483696927046,108.2,5.0,170.52,Eurostat,index_reconstructed
eggs,2020-01,3.1949331456720613,108.96,5.0,170.52,Eurostat,index_reconstructed
eggs,2020-02,3.1961060286183436,109.0,5.0,170.52,Eurostat,index_reconstructed
eggs,2020-03,3.1984517945109077,109.08,5.0,170.52,Eurostat,index_reconstructed
eggs,2020-04,3.194346704198921,108.94,5.0,170.52,Eurostat,index_reconstructed
eggs,2020-05,3.1955195871452027,108.98,5.0,170.52,Eurostat,index_reconstructed
eggs,2020-06,3.1914144968332163,108.84,5.0,170.52,Eurostat,index_reconstructed
eggs,2020-07,3.18173821252639,108.51,5.0,170.52,Eurostat,index_reconstructed
eggs,2020-08,3.1776331222144027,108.37,5.0,170.52,Eurostat,index_reconstructed
eggs,2020-09,3.175287356321839,108.29,5.0,170.52,Eurostat,index_reconstructed
eggs,2020-10,3.172355148956134,108.19,5.0,170.52,Eurostat,index_reconstructed
eggs,2020-11,3.19376026272578,108.92,5.0,170.52,Eurostat,index_reconstructed
eggs,2020-12,3.1925873797794977,108.88,5.0,170.52,Eurostat,index_reconstructed
eggs,2021-01,3.216924700914848,109.71,5.0,170.52,Eurostat,index_reconstructed
eggs,2021-02,3.20578231292517,109.33,5.0,170.52,Eurostat,index_reconstructed
eggs,2021-03,3.206955195871452,109.37,5.0,170.52,Eurostat,index_reconstructed
eggs,2021-04,3.216924700914848,109.71,5.0,170.52,Eurostat,index_reconstructed
eggs,2021-05,3.2345179451090775,110.31,5.0,170.52,Eurostat,index_reconstructed
eggs,2021-06,3.2468332160450384,110.73,5.0,170.52,Eurostat,index_reconstructed
eggs,2021-07,3.25973492845414,111.17,5.0,170.52,Eurostat,index_reconstructed
eggs,2021-08,3.288470560638048,112.15,5.0,170.52,Eurostat,index_reconstructed
eggs,2021-09,3.3054773633591363,112.73,5.0,170.52,Eurostat,index_reconstructed
eggs,2021-10,3.34300961764016,114.01,5.0,170.52,Eurostat,index_reconstructed
eggs,2021-11,3.369985925404645,114.93,5.0,170.52,Eurostat,index_reconstructed
eggs,2021-12,3.3849401829697396,115.44,5.0,170.52,Eurostat,index_reconstructed
eggs,2022-01,3.4333216045038704,117.09,5.0,170.52,Eurostat,index_reconstructed
eggs,2022-02,3.4509148486981,117.69,5.0,170.52,Eurostat,index_reconstructed
eggs,2022-03,3.496657283603096,119.25,5.0,170.52,Eurostat,index_reconstructed
eggs,2022-04,3.694288060051606,125.99,5.0,170.52,Eurostat,index_reconstructed
eggs,2022-05,3.8321018062397374,130.69,5.0,170.52,Eurostat,index_reconstructed
eggs,2022-06,3.8825357729298613,132.41,5.0,170.52,Eurostat,index_reconstructed
eggs,2022-07,3.904820548909218,133.17,5.0,170.52,Eurostat,index_reconstructed
eggs,2022-08,3.9441121276096642,134.51,5.0,170.52,Eurostat,index_reconstructed
eggs,2022-09,3.997478301665494,136.33,5.0,170.52,Eurostat,index_reconstructed
eggs,2022-10,4.167253108139808,142.12,5.0,170.52,Eurostat,index_reconstructed
eggs,2022-11,4.322953319258739,147.43,5.0,170.52,Eurostat,index_reconstructed
eggs,2022-12,4.4088669950738915,150.36,5.0,170.52,Eurostat,index_reconstructed
eggs,2023-01,4.475721323011963,152.64,5.0,170.52,Eurostat,index_reconstructed
eggs,2023-02,4.52791461412151,154.42,5.0,170.52,Eurostat,index_reconstructed
eggs,2023-03,4.541402768003753,154.88,5.0,170.52,Eurostat,index_reconstructed
eggs,2023-04,4.534365470326061,154.64,5.0,170.52,Eurostat,index_reconstructed
eggs,2023-05,4.539643443584329,154.82,5.0,170.52,Eurostat,index_reconstructed
eggs,2023-06,4.523809523809524,154.28,5.0,170.52,Eurostat,index_reconstructed
eggs,2023-07,4.510907811400422,153.84,5.0,170.52,Eurostat,index_reconstructed
eggs,2023-08,4.442000938306357,151.49,5.0,170.52,Eurostat,index_reconstructed
eggs,2023-09,4.418543279380718,150.69,5.0,170.52,Eurostat,index_reconstructed
eggs,2023-10,4.436429744311518,151.3,5.0,170.52,Eurostat,index_reconstructed
eggs,2023-11,4.415024630541871,150.57,5.0,170.52,Eurostat,index_reconstructed
eggs,2023-12,4.426753460004692,150.97,5.0,170.52,Eurostat,index_reconstructed
eggs,2024-01,4.447865353037767,151.69,5.0,170.52,Eurostat,index_reconstructed
eggs,2024-02,4.438482289467511,151.37,5.0,170.52,Eurostat,index_reconstructed
eggs,2024-03,4.41355852685902,150.52,5.0,170.52,Eurostat,index_reconstructed
eggs,2024-04,4.412678864649308,150.49,5.0,170.52,Eurostat,index_reconstructed
eggs,2024-05,4.404468684025335,150.21,5.0,170.52,Eurostat,index_reconstructed
eggs,2024-06,4.392153413089373,149.79,5.0,170.52,Eurostat,index_reconstructed
eggs,2024-07,4.385116115411682,149.55,5.0,170.52,Eurostat,index_reconstructed
eggs,2024-08,4.388927984987099,149.68,5.0,170.52,Eurostat,index_reconstructed
eggs,2024-09,4.39039408866995,149.73,5.0,170.52,Eurostat,index_reconstructed
eggs,2024-10,4.411799202439597,150.46,5.0,170.52,Eurostat,index_reconstructed
eggs,2024-11,4.498299319727891,153.41,5.0,170.52,Eurostat,index_reconstructed
eggs,2024-12,4.5745367112362185,156.01,5.0,170.52,Eurostat,index_reconstructed
eggs,2025-01,4.597701149425287,156.8,5.0,170.52,Eurostat,index_reconstructed
eggs,2025-02,4.621158808350926,157.6,5.0,170.52,Eurostat,index_reconstructed
eggs,2025-03,4.709711470795215,160.62,5.0,170.52,Eurostat,index_reconstructed
eggs,2025-04,4.77891156462585,162.98,5.0,170.52,Eurostat,index_reconstructed
eggs,2025-05,4.80295566502463,163.8,5.0,170.52,Eurostat,index_reconstructed
eggs,2025-06,4.807353976073188,163.95,5.0,170.52,Eurostat,index_reconstructed
eggs,2025-07,4.808233638282899,163.98,5.0,170.52,Eurostat,index_reconstructed
eggs,2025-08,4.814391273750879,164.19,5.0,170.52,Eurostat,index_reconstructed
eggs,2025-09,4.827586206896551,164.64,5.0,170.52,Eurostat,index_reconstructed
eggs,2025-10,4.873915083274689,166.22,5.0,170.52,Eurostat,index_reconstructed
eggs,2025-11,4.9560168895144265,169.02,5.0,170.52,Eurostat,index_reconstructed
eggs,2025-12,5.0,170.52,5.0,170.52,Eurostat,index_reconstructed
flour,2016-12,1.0101738942203622,100.0,1.4,138.59,Eurostat,index_reconstructed
flour,2017-01,1.0195685114366115,100.93,1.4,138.59,Eurostat,index_reconstructed
flour,2017-02,1.0190634244895012,100.88,1.4,138.59,Eurostat,index_reconstructed
flour,2017-03,1.0171440940904826,100.69,1.4,138.59,Eurostat,index_reconstructed
flour,2017-04,1.0088606681578756,99.87,1.4,138.59,Eurostat,index_reconstructed
flour,2017-05,1.018457320152969,100.82,1.4,138.59,Eurostat,index_reconstructed
flour,2017-06,1.0158308680279962,100.56,1.4,138.59,Eurostat,index_reconstructed
flour,2017-07,1.0194674940471895,100.92,1.4,138.59,Eurostat,index_reconstructed
flour,2017-08,1.0192654592683454,100.9,1.4,138.59,Eurostat,index_reconstructed
flour,2017-09,1.0205786853308318,101.03,1.4,138.59,Eurostat,index_reconstructed
flour,2017-10,1.0196695288260333,100.94,1.4,138.59,Eurostat,index_reconstructed
flour,2017-11,1.0194674940471895,100.92,1.4,138.59,Eurostat,index_reconstructed
flour,2017-12,1.01552781585973,100.53,1.4,138.59,Eurostat,index_reconstructed
flour,2018-01,1.0278519373692185,101.75,1.4,138.59,Eurostat,index_reconstructed
flour,2018-02,1.0249224330759794,101.46,1.4,138.59,Eurostat,index_reconstructed
flour,2018-03,1.0215888592250522,101.13,1.4,138.59,Eurostat,index_reconstructed
flour,2018-04,1.0270437982538423,101.67,1.4,138.59,Eurostat,index_reconstructed
flour,2018-05,1.0254275200230898,101.51,1.4,138.59,Eurostat,index_reconstructed
flour,2018-06,1.0252254852442455,101.49,1.4,138.59,Eurostat,index_reconstructed
flour,2018-07,1.029165163431705,101.88,1.4,138.59,Eurostat,index_reconstructed
flour,2018-08,1.0282560069269067,101.79,1.4,138.59,Eurostat,index_reconstructed
flour,2018-09,1.0305794068836134,102.02,1.4,138.59,Eurostat,index_reconstructed
flour,2018-10,1.032296702503788,102.19,1.4,138.59,Eurostat,index_reconstructed
flour,2018-11,1.0396709719315966,102.92,1.4,138.59,Eurostat,index_reconstructed
flour,2018-12,1.0397719893210189,102.93,1.4,138.59,Eurostat,index_reconstructed
flour,2019-01,1.0549245977343242,104.43,1.4,138.59,Eurostat,index_reconstructed
flour,2019-02,1.0594703802583159,104.88,1.4,138.59,Eurostat,index_reconstructed
flour,2019-03,1.062197849772711,105.15,1.4,138.59,Eurostat,index_reconstructed
flour,2019-04,1.059975467205426,104.93,1.4,138.59,Eurostat,index_reconstructed
flour,2019-05,1.0676527888015006,105.69,1.4,138.59,Eurostat,index_reconstructed
flour,2019-06,1.0691680496428313,105.84,1.4,138.59,Eurostat,index_reconstructed
flour,2019-07,1.0715924669889603,106.08,1.4,138.59,Eurostat,index_reconstructed
flour,2019-08,1.0734107799985568,106.26,1.4,138.59,Eurostat,index_reconstructed
flour,2019-09,1.0735117973879789,106.27,1.4,138.59,Eurostat,index_reconstructed
flour,2019-10,1.0704812757053177,105.97,1.4,138.59,Eurostat,index_reconstructed
flour,2019-11,1.0737138321668231,106.29,1.4,138.59,Eurostat,index_reconstructed
flour,2019-12,1.0697741539793635,105.9,1.4,138.59,Eurostat,index_reconstructed
flour,2020-01,1.0787647016379247,106.79,1.4,138.59,Eurostat,index_reconstructed
flour,2020-02,1.0781585973013925,106.73,1.4,138.59,Eurostat,index_reconstructed
flour,2020-03,1.0861389710657334,107.52,1.4,138.59,Eurostat,index_reconstructed
flour,2020-04,1.095937657839671,108.49,1.4,138.59,Eurostat,index_reconstructed
flour,2020-05,1.104726170719388,109.36,1.4,138.59,Eurostat,index_reconstructed
flour,2020-06,1.1032109098780574,109.21,1.4,138.59,Eurostat,index_reconstructed
flour,2020-07,1.0979580056281117,108.69,1.4,138.59,Eurostat,index_reconstructed
flour,2020-08,1.0967457969550471,108.57,1.4,138.59,Eurostat,index_reconstructed
flour,2020-09,1.0951295187242944,108.41,1.4,138.59,Eurostat,index_reconstructed
flour,2020-10,1.090785770979147,107.98,1.4,138.59,Eurostat,index_reconstructed
flour,2020-11,1.0915939100945233,108.06,1.4,138.59,Eurostat,index_reconstructed
flour,2020-12,1.0930081535464318,108.2,1.4,138.59,Eurostat,index_reconstructed
flour,2021-01,1.1038170142145896,109.27,1.4,138.59,Eurostat,index_reconstructed
flour,2021-02,1.104928205498232,109.38,1.4,138.59,Eurostat,index_reconstructed
flour,2021-03,1.1051302402770762,109.4,1.4,138.59,Eurostat,index_reconstructed
flour,2021-04,1.109979074969334,109.88,1.4,138.59,Eurostat,index_reconstructed
flour,2021-05,1.1141207879356374,110.29,1.4,138.59,Eurostat,index_reconstructed
flour,2021-06,1.1160401183346562,110.48,1.4,138.59,Eurostat,index_reconstructed
flour,2021-07,1.1198787791326934,110.86,1.4,138.59,Eurostat,index_reconstructed
flour,2021-08,1.1224042138682444,111.11,1.4,138.59,Eurostat,index_reconstructed
flour,2021-09,1.1237174399307308,111.24,1.4,138.59,Eurostat,index_reconstructed
flour,2021-10,1.1362435962190636,112.48,1.4,138.59,Eurostat,index_reconstructed
flour,2021-11,1.1624071000793708,115.07,1.4,138.59,Eurostat,index_reconstructed
flour,2021-12,1.193722490800202,118.17,1.4,138.59,Eurostat,index_reconstructed
flour,2022-01,1.2365538639151454,122.41,1.4,138.59,Eurostat,index_reconstructed
flour,2022-02,1.2590807417562593,124.64,1.4,138.59,Eurostat,index_reconstructed
flour,2022-03,1.2892849411934482,127.63,1.4,138.59,Eurostat,index_reconstructed
flour,2022-04,1.3571686268850565,134.35,1.4,138.59,Eurostat,index_reconstructed
flour,2022-05,1.4077783389854968,139.36,1.4,138.59,Eurostat,index_reconstructed
flour,2022-06,1.4494985208167976,143.49,1.4,138.59,Eurostat,index_reconstructed
flour,2022-07,1.4606104336532215,144.59,1.4,138.59,Eurostat,index_reconstructed
flour,2022-08,1.4778844072443897,146.3,1.4,138.59,Eurostat,index_reconstructed
flour,2022-09,1.4863698679558408,147.14,1.4,138.59,Eurostat,index_reconstructed
flour,2022-10,1.5014214589797243,148.63,1.4,138.59,Eurostat,index_reconstructed
flour,2022-11,1.5392019626235658,152.37,1.4,138.59,Eurostat,index_reconstructed
flour,2022-12,1.5472833537773285,153.17,1.4,138.59,Eurostat,index_reconstructed
flour,2023-01,1.5723356663539938,155.65,1.4,138.59,Eurostat,index_reconstructed
flour,2023-02,1.5817302835702431,156.58,1.4,138.59,Eurostat,index_reconstructed
flour,2023-03,1.5895086225557398,157.35,1.4,138.59,Eurostat,index_reconstructed
flour,2023-04,1.5853669095894363,156.94,1.4,138.59,Eurostat,index_reconstructed
flour,2023-05,1.5913269355653366,157.53,1.4,138.59,Eurostat,index_reconstructed
flour,2023-06,1.5858719965365466,156.99,1.4,138.59,Eurostat,index_reconstructed
flour,2023-07,1.5804170575077565,156.45,1.4,138.59,Eurostat,index_reconstructed
flour,2023-08,1.5132404935421027,149.8,1.4,138.59,Eurostat,index_reconstructed
flour,2023-09,1.4960675373403562,148.1,1.4,138.59,Eurostat,index_reconstructed
flour,2023-10,1.4808139115376289,146.59,1.4,138.59,Eurostat,index_reconstructed
flour,2023-11,1.4550544772350096,144.04,1.4,138.59,Eurostat,index_reconstructed
flour,2023-12,1.4389927123169057,142.45,1.4,138.59,Eurostat,index_reconstructed
flour,2024-01,1.4400028862111263,142.55,1.4,138.59,Eurostat,index_reconstructed
flour,2024-02,1.4293960603218125,141.5,1.4,138.59,Eurostat,index_reconstructed
flour,2024-03,1.4185871996536548,140.43,1.4,138.59,Eurostat,index_reconstructed
flour,2024-04,1.4234360343459123,140.91,1.4,138.59,Eurostat,index_reconstructed
flour,2024-05,1.4219207735045816,140.76,1.4,138.59,Eurostat,index_reconstructed
flour,2024-06,1.422425860451692,140.81,1.4,138.59,Eurostat,index_reconstructed
flour,2024-07,1.430507251605455,141.61,1.4,138.59,Eurostat,index_reconstructed
flour,2024-08,1.4298001298795004,141.54,1.4,138.59,Eurostat,index_reconstructed
flour,2024-09,1.4280828342593261,141.37,1.4,138.59,Eurostat,index_reconstructed
flour,2024-10,1.4275777473122158,141.32,1.4,138.59,Eurostat,index_reconstructed
flour,2024-11,1.419900425716141,140.56,1.4,138.59,Eurostat,index_reconstructed
flour,2024-12,1.4154556605815716,140.12,1.4,138.59,Eurostat,index_reconstructed
flour,2025-01,1.42777978209106,141.34,1.4,138.59,Eurostat,index_reconstructed
flour,2025-02,1.428183851648748,141.38,1.4,138.59,Eurostat,index_reconstructed
flour,2025-03,1.425153329966087,141.08,1.4,138.59,Eurostat,index_reconstructed
flour,2025-04,1.4131322606248644,139.89,1.4,138.59,Eurostat,index_reconstructed
flour,2025-05,1.4279818168699039,141.36,1.4,138.59,Eurostat,index_reconstructed
flour,2025-06,1.4292950429323905,141.49,1.4,138.59,Eurostat,index_reconstructed
flour,2025-07,1.4239411212930224,140.96,1.4,138.59,Eurostat,index_reconstructed
flour,2025-08,1.4228299300093799,140.85,1.4,138.59,Eurostat,index_reconstructed
flour,2025-09,1.4136373475719748,139.94,1.4,138.59,Eurostat,index_reconstructed
flour,2025-10,1.406162060754744,139.2,1.4,138.59,Eurostat,index_reconstructed
flour,2025-11,1.4034345912403492,138.93,1.4,138.59,Eurostat,index_reconstructed
flour,2025-12,1.4,138.59,1.4,138.59,Eurostat,index_reconstructed
